first_name,last_name
Griselda,Fissenden
Jaimie,Slite
Nert,Wanklin
Nicolle,Ruegg
Manya,Storm
Omero,Brigginshaw
Wallis,MacEnelly
Northrup,Skyner
Killian,Barrows
Cathie,Houtbie
Sydney,Freake
Damaris,Tamburo
Hesther,Laroze
Deck,Jellman
Briana,Jermy
Aldwin,Gwalter
Hollyanne,Thorlby
Garek,Cary
Cordey,Snow
Sherye,Rocca
Laryssa,Cownden
Care,Hutson
Ardella,Wharrier
Moyna,Jeduch
Lilias,MacIlhargy
Aileen,Ruprecht
Benedetto,Proske
Ddene,Yerlett
Letizia,Shipperbottom
Aubrey,Quaintance
Sissie,Tussaine
Nesta,Boldock
Locke,Kupka
Konstanze,Joscelyn
Kristian,Hairon
Quintilla,Alders
Lora,Feltoe
Oralee,Blacksland
Cassandra,Brundale
Marcelo,O'Geneay
Elaina,Antonutti
Susanne,Del Castello
Darius,Sells
Natalya,Meaton
Joy,Rontsch
Chrysler,Hatherleigh
Nora,Grishukov
Kenn,Hughill
Redd,Sissot
Timoteo,Garvan
Dasi,Strete
Kylie,Donne
Alleen,Indgs
Darnall,Kick
Meara,Bagger
Peyton,Filppetti
Hester,Boanas
Patti,Frowd
Cinnamon,McWhannel
Tim,Yokelman
Shawn,Durtnal
Michal,Bris
Elnore,Daniele
Krissy,Senner
Yvon,Turk
Ailina,Siddle
Darya,Yearnes
Loren,Swetmore
Chan,Rihanek
Goddart,Learned
Trudie,O'Duggan
Chelsy,Gannicott
Ailsun,Allkins
Archaimbaud,Caslett
Irv,Humbey
Averyl,Arnal
Cecil,Trewhela
Maxie,Buckby
Marget,Kennington
Homere,Porch
Alaster,Springer
Marc,Pulbrook
Auberta,Liveing
Conant,Lindeberg
Jesse,Ironmonger
Asia,Bettington
Ramonda,Ledur
Kikelia,Tidcombe
Jerome,Hattam
Gery,Tutt
Franklin,Hatwell
Bartholomeo,Lomen
Chrisse,Keers
Burtie,Fallawe
Kelcie,Bagehot
Dwayne,St. Queintain
Carroll,Gunthorpe
Andrus,Dorrins
Hubert,Redwood
Bourke,Daysh
Kim,Avo
Noby,Farebrother
Lucian,Vedeneev
Bertie,O' Scallan
Shadow,Ruscoe
Fae,Guille
Duffy,Morrison
Guilbert,Pilbury
Darcie,Feldmus
Coleen,Grewcock
Gabie,Pagett
Rick,Grimbaldeston
Gennie,Jaycox
Spencer,Scotcher
Ara,Cubbinelli
Averyl,Hadenton
Barbette,Kirkwood
Kaylee,Prott
Ortensia,Skyner
Jamal,Borth
Parnell,Cozins
Bartlet,Risdale
Berni,Hulkes
Dawna,Cockshutt
Shaughn,Toe
Tobie,Yakunchikov
Dane,Gottelier
Vicki,Flowitt
Loydie,Kopje
Yanaton,Loeber
Gage,Nagle
Anny,Smallpeice
Annamaria,Paddy
Eachelle,De Souza
Rustie,Ghent
Marwin,Jarrette
Padraic,Alen
Lilli,Pickaver
Theodoric,Thripp
Sabra,De Blasi
Elsworth,Tierney
Nonah,Beves
Therine,Caudray
Trenna,Prettyjohns
Helenelizabeth,Sallarie
Ludovico,Pien
Kellby,MacKilroe
Venita,Forsdike
Goldie,Webbe
Leigh,Paxforde
Rhianna,Gilchrist
Fraze,Matzl
Maryl,Charer
Dael,MacNally
Aryn,Cianni
Darcy,Edmeades
Cass,Morican
Liane,Lambotin
Ximenez,Eastes
Cleveland,Meriguet
Elladine,Skipsey
Theo,Hanscome
Chastity,Airlie
Etti,Hasslocher
Chantal,Southgate
Drugi,Dowse
Monique,Minard
Lyn,Roizin
Delcina,Tilbury
Arne,Langran
Verile,Cleynaert
Omar,Gillespie
Charlena,Oxe
Buffy,Middleweek
Sophey,Doyley
Gonzales,Ielden
Brena,Jakoub
Glory,Huddy
Dorelle,Spolton
Terri,Spenclay
Marleen,Dunaway
Stillman,Hevey
Aldin,Sommerfeld
Briano,Dudgeon
Bobbette,Ormesher
Arda,Marcam
Corbin,Lysaght
Alfreda,Reddy
Gilda,Trousdell
Christie,Heinrici
Lesli,Bestwall
Sula,Arnholdt
Marcelia,Whisker
Marwin,Clementel
Randa,Chancelier
Salem,Rodder
Nevile,Volleth
Philippine,Azemar
Otha,Sawle
Cedric,Priddle
Fernande,Swateridge
Zaneta,Blinco
Gregory,Fayne
Leroi,Warcup
Nicolle,Gherardelli
Liana,McGinney
Nertie,Bentinck
Lucita,Lote
Carola,Wort
Paige,MacGill
Konstantine,Ropkes
Shalna,Blincko
Marsha,O'Dowling
Sherie,Von Der Empten
Kenny,Okell
Berti,Prandin
Stormie,O'Nolan
Tallie,Bril
Tammi,Sibille
Cyndia,Avison
Audi,Deadman
Janette,McGeever
Ced,Branch
Paige,Abramsky
Raina,Woliter
Adolpho,Bricknall
Marnie,Tees
Anthe,Duddy
Quint,Erwin
Bibbie,Johnikin
Kile,Gaunter
Marina,Binton
Meryl,Abrahart
Bronson,Bellini
Dwight,Kunes
Liesa,Chaddock
Mill,Normavill
Berti,McShirie
Lamar,Watkin
Ag,Turbard
Herc,McGuff
Karlan,Dewberry
Haywood,Darwent
Corny,Burree
Elwira,Creaser
Kristopher,Losseljong
Fairleigh,Riddell
Simonette,Birchenough
Rocky,Libero
Maurise,Tiner
Mimi,Lemon
Ondrea,Purdy
Atlanta,Audry
Abbi,Kunkler
Dorris,Briscow
Vitoria,Jouandet
Courtnay,Minigo
Stacee,Gilpin
Ted,Lawty
Lucita,Perchard
Gillian,Le febre
Ferdinand,Brennand
Merell,Wraighte
Magda,Giacaponi
Cookie,Woolfoot
Meggi,Reiach
Camille,Sturm
Guglielma,Skunes
Tann,Butte
Horacio,Boost
Vasily,Leggatt
Selby,Barchrameev
Caterina,Senecaut
Raquela,Lindeman
Claire,Ogley
Lindon,Temby
Zachariah,Wimp
Dani,Bragger
Jerrylee,Hush
Taddeusz,Davinet
Harwilll,Pulford
Geordie,Worster
Russ,Kryszkiecicz
Fleur,Questier
Julee,Daouze
Deny,Castagneto
Shane,Elham
Amelina,Blomefield
Stephie,Stabler
Brenden,Tatterton
Emili,Spacy
Robert,Barke
Fleming,Iacobetto
Mack,Upcott
Emmery,Paroni
Maitilde,Dallison
Barry,Persian
Cleopatra,Barukh
Silas,Bussons
Karel,Boag
Adora,Adam
Abigael,Burtenshaw
Allianora,Buttriss
Liliane,Shilstone
Paule,Eul
Rivkah,Dreus
Jermain,Keilloh
Mandy,Kalinsky
Nellie,Levi
Bryna,McInnery
Brewer,Attride
Myles,Tousey
Sigfried,Whitewood
Denni,Rivlin
Jackqueline,Canter
Mac,De Mico
Si,Pitrasso
Marjorie,Savage
Myrtice,Alecock
Inglis,Gallimore
Alwin,Letterick
Tamqrah,Lademann
Rozanna,Sarfati
Randell,Binning
Randy,Rouby
Lari,Delgadillo
Janella,Isac
Lorine,Jovey
Pace,McElory
Johny,Maccari
Chastity,Couche
Janean,Budgey
Bessy,Conre
Honoria,Strafen
Horatius,Gainsford
Sheff,Pattesall
Con,Jones
Cathi,Cometto
Monro,Ogelsby
Ricard,Thoresbie
Bruce,Bonifazio
Horatia,Spitell
Dionisio,Broomfield
Queenie,Aleksankov
Alexia,Widocks
Robinson,Benwell
Aili,MacGaughey
Atlante,Romagnosi
Devora,Sterke
Udale,Haxbie
Pauly,Spata
Adriana,Bulloch
Adora,Ahrendsen
Robbi,Ecclesall
Essa,Mariault
Scotti,Giraux
Michaella,Castanone
Caldwell,Hatje
Joyous,Thwaite
Clarie,Blaxill
Gisella,Reeman
Jordain,Huxter
Aidan,Greenhill
Raimund,Habbeshaw
Claudell,Throssell
Tyson,Mc Ilory
Megan,Dove
Bree,Stovold
Magdalen,Lodford
Tiffie,Hawthorne
Johnath,Trangmar
Raye,Cromb
Gabrielle,Bear
Raven,Rablen
Benedick,Chilcotte
Blinni,Ciardo
Anatol,Cholomin
Robinia,Millican
Batsheva,Skerm
Sonny,Weedall
Cornelle,Bridgewood
Luisa,Filon
Vevay,Donaway
Jaquenetta,Dalwood
Margery,von Hagt
Ekaterina,Dyball
Arin,Gumery
Towny,Spellecy
Ilsa,Fuggle
Kial,Rubinowicz
Junia,Curds
Buiron,Broker
Taryn,Wiltsher
Lars,Sicely
Eldon,Figgures
Lanie,Bickmore
Had,Haywood
Pattie,Josephy
Dasha,Cockman
Ruthi,Tolhurst
Rey,Dofty
Kayley,Worrill
Ab,Nalder
Lou,Chrisp
Krisha,Faill
Karol,Lowrance
Rurik,Tarren
Jamie,Emblem
Jared,Cocklie
Cal,Austwick
Zacharia,Spiniello
Darnell,Eck
Minta,Probbing
Clovis,Weatherill
Rodger,Yesichev
Hendrika,Naerup
Terrill,Spenton
Chrissie,Megainey
Rodina,Muir
Mar,Theml
Chryste,Soper
Egan,Cosgrove
Allina,Fantonetti
Staci,Nestoruk
Elwood,Budibent
Mona,Cowx
Roosevelt,Burchall
Addia,Worsfield
Gallard,Turbern
Nanete,McBeath
Jobye,Klimowicz
Jennine,Dmytryk
Mycah,Crowther
Aleda,Cartlidge
Gaven,Le Hucquet
Reynolds,Gosnoll
Millie,Jansema
Louisa,Corhard
Elicia,Gorick
Almeria,McNellis
Redd,Lightbown
Georgi,Batstone
Helenka,Stamps
Land,Dipple
Roxane,Matei
Kristen,Alesio
Elihu,Harbinson
Britte,Skarman
Costanza,Asche
Derron,Fawthorpe
Gualterio,Charity
Lorettalorna,Liddall
Cleavland,Gigg
Eartha,Gladdolph
Terri,O'Shevlin
Belva,Timoney
Bibi,Arnaudon
Lana,Blase
Roxana,Titmuss
Sibley,Willowby
Adelheid,Paladini
Latrina,Snasdell
Karoline,Kremer
Alta,McGenis
Clayborne,Leighfield
Clemence,Challenor
Arvin,Milkins
Virgie,Jerrand
Blakelee,Jenken
Perren,Whitlaw
Doti,Farres
Cheryl,Lindfors
Eben,Wallentin
Moina,Duley
Garner,Bache
Giraud,Matic
Duffy,Doerling
Stoddard,Hollow
Winifred,Merchant
Fabio,Fern
Abdul,Rickhuss
Berkeley,Doree
Jeremy,Mealham
Prudy,Lockton
Farrel,Pyrke
Tiphany,Woodley
Chelsey,Parmiter
Brockie,Langworthy
Phylis,Linford
Gusta,Hexum
Cosmo,Risom
Maggee,Randles
Carlin,Errol
Ameline,Darben
Katrina,Teager
Ruprecht,Maddock
Sosanna,Davidowsky
Kessia,Duckwith
Cathlene,Pendleton
Murdoch,Rainville
Cami,Boorn
Samara,Gosselin
Lowrance,Bruyet
Cristi,Sotworth
Angel,Brogan
Sandy,Moakes
Agathe,Rugge
Duane,Eckels
Boycie,Girardeau
Suki,Bonnor
Randie,Mauditt
Monika,Rudyard
Gladi,Merrill
Jaquenetta,Emanuelov
Christin,Eccott
Rahal,Blowing
Audrey,Pleace
Eirena,Tertre
Teodora,Torre
Merle,Moxted
Moises,Jewkes
Kellby,Amiranda
Derry,Klampk
La verne,Say
Fidole,Sissot
Wolfie,Stanbrooke
Wyndham,Silby
Bancroft,Towson
Cristi,Bixley
Sigvard,Harvett
Jess,Combe
Nalani,Rosekilly
Reinald,Grafton-Herbert
Irita,Quittonden
Katti,Schreiner
Rodie,Eastcourt
Kalli,Henke
Teddie,Maha
Millisent,Braffington
Mallorie,Gibbon
Joelly,Ashforth
Bartram,Gerson
Tara,Yoselevitch
Ralf,Frean
Car,Lapslie
Filippo,Bullock
Jamaal,Weekly
Ogdon,Grebner
Pennie,Hurring
Kim,Clayworth
Si,Ainscough
Carla,Auger
Andeee,Blumsom
Ky,Mackin
Gram,Strike
Electra,Goldspink
Brigida,Brant
Antonia,Barber
Libbi,Keeton
Anderson,Dradey
Alex,Spurrier
Claudelle,MacMychem
Hymie,Lindsey
Rodd,Downton
Hattie,McNaught
Carlo,Danet
Henrie,Sieve
Brewster,Marr
Yovonnda,Connell
Kirbee,Ridehalgh
Matty,Brandrick
Neils,Ausiello
Farrah,Savin
Edward,Brome
Rustin,Collymore
Larry,Shills
Cate,Sides
Kaja,Gain
Kira,Tuddenham
Cheri,Quakley
Eugenia,Addison
Rheba,Leaver
Shanie,Doerffer
Northrup,Albro
Dyann,Butte
Terrel,Michele
Alida,MacGebenay
Lianna,Savaage
Selestina,Spellard
Yancy,Chislett
Bryn,Farren
Modestia,Hallan
Torin,Leverette
Bald,Curedell
Kelsy,Stacy
Riane,Baudou
Tallulah,Clementucci
Grata,Vandrill
Brinn,Arrowsmith
Tiler,Durbyn
Stormie,Carlow
Edd,Saltmarshe
Colet,Chillingworth
Morgen,Irwin
Zebadiah,Fant
Thom,Brech
Emalee,Adamec
Nora,Hiscoe
Bert,Moffet
Hildy,Mil
Rod,Veljes
Minetta,Skeggs
Gavra,Pavelin
Gratia,Lavarack
Ivor,Scardifeild
Stephi,Peetermann
Benedikt,Sanders
Gallard,Kiledal
Larisa,Espine
Bella,Orvis
Matty,Treslove
Misti,Fernely
Spence,Botright
Paulita,Mattityahou
Jamey,Margett
Emlyn,Furman
Shaw,Siely
Evelyn,Hilland
Lay,Leer
Miles,Petrolli
Claudina,Biles
Gabbie,Lytlle
Mauricio,Dibling
Rheba,Hyrons
Urban,Carme
Trenton,Follan
Gracie,McEnteggart
Demetrius,Packe
Calida,Keeting
Mabel,Bunner
Izak,Nern
Barrie,Sarge
Federica,Weal
Georg,Vasilchikov
Zorah,Windaybank
Hervey,Cometson
Harvey,Prevost
Ferris,Filipponi
Aubry,Yannikov
Lorinda,Kubacek
Isaiah,Vernalls
Masha,Feighney
Francis,Rigden
Sabra,Langcastle
Adel,Coultass
Enoch,Mease
Giordano,Giannoni
Rochell,Pound
Charlie,Osan
Emelda,Plunkett
Saudra,Branca
Gisella,Durand
Vyky,Glasscoe
Karola,Dulieu
Fin,Dryburgh
Salim,Antrack
Cirilo,Borgnet
Olva,Domenc
Caye,Skelbeck
Sibeal,Kennet
Clementia,Colleymore
Dix,Joice
Judy,Anchor
Franky,Parlott
Penrod,Pendleton
Lynnett,Antonias
Yvette,Zottoli
Venus,Martinon
Levin,Goold
Gaylene,Southcott
Harcourt,Berdale
Hillel,Girling
Mable,Maycey
Emlen,Schulkins
Lamond,Quaife
Atalanta,Amsden
Mil,Jimmes
Silas,Gligoraci
Ronnica,Pollastro
Russ,Figgs
Miner,Fedorchenko
Jeanna,Biddlestone
Ernestine,Deverale
Mallissa,Keppe
Christos,Josephson
Phoebe,Tootal
Erik,Birchett
Mira,Clowsley
Abagael,Dobsons
Llywellyn,Mummery
Linea,Larvent
Jobi,Dilnot
Nichols,Petrello
Brooks,Wigan
Cary,Kitchingman
Davina,Ranscome
Stern,Matityahu
Oswald,Tinklin
Vasili,Hafner
Bogart,Gadault
Tudor,Crinson
Chane,Ricardo
Marwin,Dannett
Teddy,Kleynen
Sharona,Feragh
Sibelle,Ramshaw
Oswell,Darnbrook
Bambi,Donizeau
Eduardo,Pury
Donalt,Langstone
Coreen,Potzold
Tabbatha,Swinney
Ignaz,Lincoln
Nico,Erbain
Elisha,Levinge
Heddi,Edington
Oralee,Theurer
Xylia,Akaster
Kristoforo,Glanders
Maxy,Molyneaux
Fairleigh,Benezeit
Jeanine,Ottam
Tedmund,Basini-Gazzi
Philippine,Astin
Angelika,Crigin
Wilburt,Eddoes
Rosene,McSharry
Agna,Stilgo
Gabi,Pardue
Lyndell,Berresford
Lydia,Lenden
Gwendolin,Jermy
Elwira,Copo
Deb,Nijssen
Mildrid,Jan
Carlie,Bernakiewicz
Shirlene,Heyns
Ethelda,Stemson
Cass,Baseke
Kerwinn,Longstreet
Benedick,Wethey
Abagail,Queste
Elyn,Dew
Arlinda,Kirlin
Alexandro,Wass
Shoshana,Witton
Clarabelle,Pagram
Gavan,Stangroom
Vitoria,Matoshin
Dominik,Bastian
Maiga,Ziemens
Noellyn,Gwyer
Berti,Spry
Cosette,Reignolds
Brooks,Lumby
Sophi,Blasetti
Krysta,Aspell
Tris,Witherington
Consolata,Redfern
Rufus,Rays
Tarra,Vickress
Suki,Gieves
Meyer,Andreu
Genny,Diggar
Sapphira,Brashier
Meryl,Nelmes
Karalee,Rothman
Erick,Legier
Corabelle,Blaydon
Merrile,Castaner
Ingamar,Rash
Gunner,Jacquemard
Lisabeth,McCathy
Chiquia,MacFarlan
Julio,Blackstock
Ninnetta,Curner
Ina,Hentzeler
Stefanie,Phelips
Micheil,Marshland
Thaddus,Trippitt
Vidovik,Bour
Caldwell,Neilands
Francois,Pashe
Cloe,Darrell
Violante,Jansie
Mari,McCurtin
Gabrila,Fonso
Gregory,Matysik
Vergil,Studdal
Mariele,Skegg
Wyatan,Vizor
Ancell,Hoggan
Poppy,Brandino
Liana,Brideaux
Audrie,Tyrrell
Dyna,Lyvon
Isidoro,Di Domenico
Bengt,Beckerleg
Nestor,Mohammed
Inness,Starzaker
Sara,Yakovlev
Devin,Cohen
Paxton,McIlenna
Madlin,Gulland
Melinda,Forward
Ashlen,Lamden
Neysa,Fairley
Peyton,Jephcote
Peggie,Coche
Garrot,Manlow
Marcia,Tozer
Adria,Copnar
Charmane,Mallen
Eugenius,Lecky
Ardisj,Harrington
Octavius,Gorrie
Ardenia,Wilmott
Maggie,Biner
Mabel,Betun
Coleen,Bowerman
Joelle,Kingsworth
Danika,Morad
Sigismund,Raleston
Melanie,Langlais
Charmaine,Denis
Sylvester,Gaze
Ilysa,Maseres
Terence,Ramble
Ethyl,Poland
Anatole,Makeswell
Charles,Spriggin
Granny,Hadlow
Maudie,Coite
Adara,Fullard
Melania,Knoles
Beniamino,Wolland
Darcee,Beamish
Sara,Tooher
Suzie,Lawrance
Melany,Baulch
Debby,Baxster
Marlo,Quirk
Clark,M'Quhan
Joyous,Luparti
Sosanna,Strike
Lannie,Advani
Saunders,Rumke
Broddy,Matthis
Sada,Habeshaw
Tabina,Willingam
Benoit,Haskett
Ronnica,Fort
Donnie,Fautley
Genevieve,Rebbeck
Gabbie,Gulliver
Anjanette,Mourant
Hanan,Cantopher
Fields,Aldington
Delphinia,Brayley
Colleen,McGee
Valerie,Gouldeby
Beverlee,Tourry
Ferne,Stiell
Gustaf,Desvignes
Biron,Christofol
Jerrine,Bettington
Junia,Spondley
Sherlocke,Roja
Ira,Etherington
Rodolfo,Ogles
Emanuele,Trevaskiss
Nero,Swait
Matthew,D'Ambrogi
Marj,Riddler
Far,Antonioni
Val,Holgan
Jeniece,Gounard
Sandy,Gerriet
Lettie,Seago
Derby,Schollick
Lyndsie,Heath
Stephannie,Beckenham
Malorie,Janssen
Glyn,Pavese
Juliana,Montford
Sumner,Bleakley
Candida,Cardo
Adolpho,Deeble
Creighton,Klazenga
Warren,Lodder
Barty,Arthur
Kit,Dimmer
Leelah,Redihough
Fernando,Whitehair
Hoyt,Ewestace
Hetti,Hruska
Dore,Turpie
Brendin,Farrimond
Angelica,Mettetal
Barn,Farrow
Danette,Davenell
Tessy,Leinthall
Alvan,Jain
Godfrey,MacDearmont
Jereme,Nolot
Parker,Stapleford
Laughton,Dyerson
Welsh,Blumsom
Kyle,Fairn
Tuesday,Limpricht
Electra,Sisnett
Fulton,Icke
Neilla,Carlton
Cari,Barbrook
Sisile,Bilverstone
Teddie,Castellet
Isa,Duckering
Fredric,Blazeby
Casey,Muskett
Myrle,Snoddin
Cariotta,Tirone
Magnum,Weavers
Carline,Bloor
Maje,Hauger
Sibylla,Mathan
Francisca,Knewstub
Purcell,Dougherty
Wallas,Wanklyn
Kasper,Sly
Loralee,Gertz
Janie,Mayworth
Bone,Kiehne
Annabel,Sidwell
Birgitta,Turbern
Beverlie,Gregolotti
Hillery,Harrop
Dionysus,Loughead
Dick,Fieldhouse
Roze,Chopping
Lilli,Pummery
Bogey,Roper
Melamie,Gillbard
Billye,Creaney
Tootsie,Poynzer
Amberly,Ximenez
Moses,McIndoe
Elly,Sibbson
Benyamin,MacFie
Tory,Bilbie
Jo ann,Skrzynski
Roderigo,Franzel
Jack,Habercham
Abran,Every
Saunder,Danneil
Gisela,Winram
Gray,Renon
Rosy,Frantsev
Nefen,Gallegos
Dorthy,Pluthero
Leighton,Gaythwaite
Spence,Cowing
Zuzana,Eyres
Audry,Edmott
Portia,Danbi
Netti,Sizeland
Glenn,Scarff
Manolo,Tilley
Fleming,Griswaite
Regen,Shama
Lynn,Colthard
Orbadiah,Matthesius
Beniamino,McDugal
Egon,Clackers
Gwyneth,Galler
Oates,Mattingly
Sherwin,Myers
Ephraim,Worledge
Glynis,Maggill'Andreis
Adolf,Stack
Mollee,Gaither
Miguela,Van Der Weedenburg
Valle,Dello
Miran,Frederick
Edi,Keggin
Ranice,Caspell
Faunie,Sueter
Calley,Sabathier
Abbey,Scohier
Jedidiah,Lenihan
Justine,Gonzalvo
